Nombre,Nombre Científico,Familia,Tipo,Exposición Solar,Riego
Rosa,Rosa spp.,Rosaceae,Flor,Pleno sol,Moderado
Lavanda,Lavandula angustifolia,Lamiaceae,Herbácea,Pleno sol,Bajo
Cactus,Echinocactus grusonii,Cactaceae,Suculenta,Pleno sol,Bajo
Ficus,Ficus elastica,Moraceae,Árbol o arbusto,Semi sombra,Moderado
Menta,Mentha spicata,Lamiaceae,Herbácea,Semi sombra,Alto
Helecho,Nephrolepis exaltata,Nephrolepidaceae,Helecho,Sombra,Alto
Orquídea,Phalaenopsis spp.,Orchidaceae,Flor,Semi sombra,Moderado